{
  "chart": {
    "title": "Life expectancy",
    "subtitle": "The [period life expectancy](#dod:period-life-expectancy) at birth, in a given year.",
    "citation": "UN WPP (2024); HMD (2024); Zijdeman et al. (2015); Riley (2005)",
    "originalChartUrl": "https://ourworldindata.org/grapher/life-expectancy?v=1&csvType=full&useColumnShortNames=false",
    "selection": [
      "World",
      "Americas",
      "Europe",
      "Africa",
      "Asia",
      "Oceania"
    ]
  },
  "columns": {
    "Period life expectancy at birth - Sex: total - Age: 0": {
      "titleShort": "Life expectancy at birth",
      "titleLong": "Life expectancy at birth - Various sources – period tables",
      "descriptionShort": "The period life expectancy at birth, in a given year.",
      "descriptionKey": [
        "Period life expectancy is a metric that summarizes death rates across all age groups in one particular year.",
        "For a given year, it represents the remaining average lifespan for a hypothetical group of people, if they experienced the same age-specific death rates throughout the rest of their lives as the age-specific death rates seen in that particular year.",
        "Prior to 1950, we use HMD (2024) data combined with Zijdeman (2015). From 1950 onwards, we use UN WPP (2024) data. For old regional data, we use Riley (2005) estimates."
      ],
      "shortUnit": "years",
      "unit": "years",
      "timespan": "1543-2023",
      "type": "Numeric",
      "owidVariableId": 1002268,
      "shortName": "life_expectancy_0__sex_total__age_0",
      "lastUpdated": "2024-12-03",
      "nextUpdate": "2025-12-03",
      "citationShort": "UN WPP (2024); HMD (2024); Zijdeman et al. (2015); Riley (2005) – with minor processing by Our World in Data",
      "citationLong": "UN WPP (2024); HMD (2024); Zijdeman et al. (2015); Riley (2005) – with minor processing by Our World in Data. “Life expectancy at birth – Various sources – period tables” [dataset]. Human Mortality Database, “Human Mortality Database”; United Nations, “World Population Prospects”; Zijdeman et al., “Life Expectancy at birth 2”; James C. Riley, “Estimates of Regional and Global Life Expectancy, 1800-2001” [original data].",
      "fullMetadata": "https://api.ourworldindata.org/v1/indicators/1002268.metadata.json"
    }
  },
  "dateDownloaded": "2025-07-11",
  "activeFilters": {}
}